variable,X0.1.Value,X0.1.Std..Error,X0.1.lower.bound,X0.1.upper.bound,X0.1.Pr...t..,X0.25.Value,X0.25.Std..Error,X0.25.lower.bound,X0.25.upper.bound,X0.25.Pr...t..,X0.5.Value,X0.5.Std..Error,X0.5.lower.bound,X0.5.upper.bound,X0.5.Pr...t..,X0.75.Value,X0.75.Std..Error,X0.75.lower.bound,X0.75.upper.bound,X0.75.Pr...t..,X0.9.Value,X0.9.Std..Error,X0.9.lower.bound,X0.9.upper.bound,X0.9.Pr...t..,model
(Intercept)...1,3.950539350402653,0.21600269422725568,3.516465684930361,4.384613015874945,1.551173400926527e-23,4.528063414026054,0.19900727965673326,4.12814331281943,4.927983515232678,1.061480279006194e-27,4.732388634963014,0.19288585846362336,4.344769990202101,5.120007279723927,3.5385494531496665e-29,4.8598031619793005,0.18901031441350344,4.479972714571912,5.239633609386689,4.188108515876003e-30,5.294778503263259,0.23965192150044745,4.813179936285519,5.776377070240998,3.957716461368824e-27,Tertiary
exp_imp...2,0.005695924507851146,0.04016773848874144,-0.07502416809060672,0.086416017106309,0.8878166776258001,-0.005791124273386272,0.029193264693553336,-0.06445718609251037,0.052874937545737834,0.8435748315252649,0.004504129734469246,0.028416897867324264,-0.0526017645357363,0.06161002400467479,0.8747128464044753,0.0282361943490804,0.029385523032109492,-0.030816225066337768,0.08728861376449856,0.3413263561675316,-0.036896011047226784,0.05381224640858108,-0.1450357688842082,0.07124374678975462,0.496169282280987,Tertiary
I(exp_imp^2)...3,9.421432650202821e-4,0.0034322447382845196,-0.005955210768803417,0.007839497298843982,0.7848561850838618,9.448733664646984e-4,0.002237175830935854,-0.0035508997844880246,0.005440646517417422,0.6746164215231327,0.00085426871283320765,0.002124290386157073,-0.0034146526436597564,0.005123190069326171,0.6893275875435662,-5.066640643484489e-5,0.0023511800275585965,-0.004775539567849443,0.004674206754979754,0.9828949499841906,0.0032477275887478263,0.004048187886313243,-0.004887410542833826,0.011382865720329479,0.42627250169672726,Tertiary
areaUrban-Type Settlement...4,0.500758854726812,0.16120819015462856,0.17679886776964876,0.8247188416839752,0.003147883606535994,0.33688667863617106,0.15260838557774978,0.0302086460008541,0.643564711271488,0.031990470448256494,0.29014342383617864,0.1502729698762796,-0.01184141523706106,0.5921282629094183,0.05930754885268269,0.36635600670465196,0.14276978359513134,0.07944938498157567,0.6532626284277283,0.013394740213477441,0.3653244042406255,0.16764509702373606,0.02842896863559674,0.7022198398456543,0.03415727525047084,Tertiary
areaCity...5,0.2615562882516862,0.15573131006710006,-0.05139749610485356,0.574510072608226,0.09941389486872092,0.17971532165207943,0.15536036035774053,-0.13249301135431113,0.49192365465847,0.25297708926690177,0.17345717547281594,0.13332025552721907,-0.09445990864242618,0.4413742595880581,0.19932411496412297,0.3124360586579821,0.12938251689170388,0.05243215659495837,0.5724399607210058,0.019520580935090175,0.25986574072440577,0.1549410024594536,-0.05149986103409282,0.5712313424829043,0.09987395728028943,Tertiary
areaRegional Center...6,0.26381873964739433,0.5856375477888419,-0.913063974322154,1.4407014536169427,0.6543504596650622,0.2014912107519255,0.5949407764768414,-0.994087041214377,1.397069462718228,0.7363020570427359,0.28820357722480777,0.5912983726702554,-0.9000549902481543,1.4764621446977697,0.628142791016616,0.24333838294679333,0.5854724794075937,-0.9332126136913658,1.4198893795849523,0.6794972834056332,0.25134707347928015,0.5939185762665022,-0.9421769902569366,1.444871137215497,0.6740001839287244,Tertiary
sexMale...7,0.5901238032785034,0.13189978898329652,0.3250612535550987,0.8551863530019082,4.570153969807991e-5,0.3912718792767359,0.0571010876871253,0.2765229474475436,0.5060208111059282,1.1236772394735487e-8,0.3019041034170592,0.04975548228875671,0.20191671829815125,0.4018914885359671,1.8401921358498105e-7,0.28810361688946823,0.040737703084555585,0.20623813755322187,0.3699690962257146,5.128791543463968e-9,0.2549999803058246,0.061690196259003086,0.13102888953008915,0.37897107108156003,1.392074771253544e-4,Tertiary
marital_status2. Married/Civil partnership...8,-0.21860028246848617,0.0912811725099816,-0.4020366663606675,-0.035163898576304864,0.020497850901115583,-0.157238879816597,0.05893648934428687,-0.2756761893662072,-0.038801570266986815,0.01031666344593163,-0.06560569594845166,0.04270199974876033,-0.15141857721945942,0.02020718532255611,0.13088252492038324,-0.05901996710333738,0.044022120786217915,-0.14748573092123327,0.029445796714558513,0.18620419920459697,-0.10977958401491988,0.061629377647323035,-0.23362845521466652,0.014069287184826765,0.0810643292633989,Tertiary
marital_status3. Divorced/Separated/Widowed...9,-0.04452580768647964,0.3160021926296758,-0.6795559888736201,0.5905043735006609,0.888523865507346,0.021199062883956864,0.14941480725557799,-0.2790612338372909,0.3214593596052046,0.8877560693436706,0.1298295568026218,0.17809904628204398,-0.22807387636210816,0.4877329899673517,0.46948771279886925,0.1868866707319431,0.16707843800366276,-0.14887002093845048,0.5226433624023367,0.26878318950614305,0.06756161239259925,0.17167793597404502,-0.27743811650230066,0.4125613412874992,0.6956301541540417,Tertiary
regionКраснодар...10,0.02136311355756522,0.6582966975010436,-1.3015336284244898,1.3442598555396201,0.9742433414095779,-0.009681672483236693,0.6182073249079724,-1.2520158040302083,1.2326524590637349,0.9875685280956173,-0.01559195923720249,0.6158621452782759,-1.253213275873716,1.222029357399311,0.9799047104565848,0.012213058876167414,0.6356634918411511,-1.2652005534749144,1.289626671227249,0.9847491396423214,0.05239048220969187,0.6305031868943483,-1.2146531091042594,1.3194340735236432,0.9341160185151399,Tertiary
"regionУдмуртская Республика, Глазов и Глазовский...11",0.09407748316235967,0.27279579290108974,-0.45412618704470675,0.642281153369426,0.7316724477839864,-0.14837210142125815,0.21460820722410115,-0.5796434403435122,0.2828992375009959,0.4926003913962633,-0.17890461595977636,0.18905444407277883,-0.5588237452376674,0.20101451331811476,0.3486325945607943,-0.2702863979439155,0.20841063790154024,-0.6891032550251593,0.14853045913732832,0.2007416727746647,-0.20949785128627937,0.20400197055827876,-0.6194551596457646,0.20045945707320587,0.3094915322729032,Tertiary
"regionПермский край, Соликамск и Соликамский райо...12",0.3507835310426305,0.32952945617775753,-0.311430703996856,1.012997766082117,0.29232072259416875,-0.13906190092141962,0.31490579717630246,-0.77188879295536,0.49376499111252065,0.6607225379759054,-0.19139905020865342,0.23491831397619148,-0.6634850767233595,0.28068697630605277,0.419159357229164,-0.25072185902714783,0.2553141467912713,-0.7637948461076663,0.2623511280533707,0.3309174048607161,-0.26062674200132097,0.30106381633090634,-0.8656371320955359,0.344383648092894,0.39088126201662154,Tertiary
"regionКалужская область, Куйбышевский район...13",0.5622795639556841,0.34904970625094933,-0.13916208225345883,1.2637212101648272,0.11362824394585576,0.23382494760721373,0.3285559719969887,-0.4264329977288627,0.8940828929432901,0.48004091969880647,0.46469415423077026,0.24756106445634013,-0.032798430578046434,0.962186739039587,0.06646614888706974,0.28212415474370156,0.2454372853522022,-0.21110053616830704,0.7753488456557102,0.25593971335226956,0.23399157685906424,0.21123020238966653,-0.19049140719700713,0.6584745609151357,0.27337527922396626,Tertiary
"regionТамбовская область, Уварово и Уваровский ра...14",-0.41242000383627453,0.3105857386393328,-1.0365654132113717,0.2117254055388228,0.19037115876394636,-0.349642318277885,0.2371743692064615,-0.8262620575169377,0.1269774209611677,0.14682406854965147,-0.37337402259066266,0.2284748971062791,-0.8325115181210921,0.08576347293976683,0.10862603339181996,-0.44770519161128675,0.24453552761948796,-0.939117732513743,0.04370734929116954,0.07320899143685473,-0.27726709605591554,0.25751120347757284,-0.7947552338477948,0.24022104173596376,0.28687872567692474,Tertiary
"regionВолгоградская область, Руднянский район...15",-0.6733095915377343,0.24015955934328906,-1.155928294953878,-0.19069088812159046,0.007222231919519609,-0.5325795844460278,0.2517689165853114,-1.0385281646947266,-0.02663100419732889,0.03950807479024653,-0.3965506944964774,0.21422216985533654,-0.8270462622818555,0.03394487328890078,0.07018443349668224,-0.3661981303567592,0.2172676074418625,-0.8028137341022425,0.07041747338872417,0.09825690048479442,-0.41920359609703534,0.19220425032746052,-0.8054524980260895,-0.032954694167981136,0.03400991701423518,Tertiary
regionКазань...16,-0.24308878419271635,0.6796389664358778,-1.608874421330367,1.1226968529449344,0.7221238349667325,-0.19882096331846127,0.6339582248032537,-1.4728077132574917,1.0751657866205693,0.7551420967250351,-0.20689587598398373,0.6324338617487176,-1.477819303676224,1.0640275517082562,0.7449537442650608,-0.16499178330060796,0.6364985627171471,-1.4440835334053392,1.1140999668041232,0.7965531115693911,-0.16902163601068942,0.6323692475531609,-1.4398152166155715,1.101771944594193,0.7903729638394514,Tertiary
regionКурган...17,0.18384306562420571,0.6366225287419764,-1.095497803534268,1.4631839347826792,0.7739688840302055,0.014574041431547176,0.6436948639221992,-1.27897921737378,1.3081273002368743,0.9820284091726251,-0.13409656541415282,0.649796153425545,-1.43991082451996,1.1717176936916545,0.8373592491014817,-0.09993597394301908,0.6446262117504022,-1.3953608462810572,1.1954888983950192,0.8774350402990828,-0.04755749647425802,0.6590842211159567,-1.3720368264114968,1.2769218334629808,0.9427707458085859,Tertiary
"regionОренбургская область, Орск...18",0.09940412602598547,0.2768276929528501,-0.45690195068367856,0.6557102027356495,0.7210757282155198,-0.10126734888829186,0.20942359832892626,-0.5221198261606025,0.31958512838401876,0.6308572663708656,-0.2012093881362038,0.19641477243282104,-0.5959196510235758,0.1935008747511682,0.3106722638369771,-0.27822641991917657,0.21255483437595465,-0.7053713516132019,0.14891851177484877,0.19665255523581623,-0.19390244611529972,0.23007997709330927,-0.6562654706412767,0.2684605784106773,0.4034571160689606,Tertiary
"regionРеспублика Чувашия, Шумерля и Шумерлинский...19",-0.3212889689525013,0.35204237322634985,-1.0287446046083837,0.386166666703381,0.36589901474775477,-0.30833189806389605,0.2527322427654231,-0.8162163547494258,0.19955255862163368,0.22830640170262684,-0.27247786730721535,0.25234439790809615,-0.7795829205716129,0.23462718595718224,0.2855240099632315,-0.3396957793353241,0.3217266497519472,-0.9862296878013892,0.3068381291307411,0.2962139484493803,-0.15484382718198667,0.30477993719935037,-0.7673220417516059,0.4576343873876326,0.6136969955927523,Tertiary
"regionСтавропольский край, Георгиевск и Георгиев...20",-0.01941409915972287,0.2775191627314589,-0.5771097364137024,0.5382815380942566,0.9445134951501972,-0.1305171713269306,0.24471884047468287,-0.622298093203834,0.36126375054997284,0.5962125520828819,-0.16723541508791018,0.19872501559917088,-0.5665882854341259,0.23211745525830552,0.4041328667216957,-0.2606785262232541,0.18273856990961956,-0.627905431182036,0.10654837873552775,0.16006185952474808,-0.255632271660436,0.20316019805498678,-0.6638979748420093,0.15263343152113734,0.21425354579666045,Tertiary
"regionАлтайский край, Курьинский район...21",0.29946079543242965,0.24933447712446208,-0.20159559555945628,0.8005171864243156,0.2355090858516878,0.03322616082693887,0.1852184718679236,-0.3389842936977591,0.40543661535163683,0.8583719997989098,-0.06561452394814955,0.17926203547525296,-0.42585507139660117,0.2946260235003021,0.7159214491009649,0.1142004142365105,0.28321485958706333,-0.4549411543766866,0.6833419828497076,0.6885339871086479,-0.09692945104326,0.19306005567948278,-0.48489815821554083,0.2910392561290208,0.6178678027534105,Tertiary
regionКрасноярск...22,0.30379422541012024,0.6639949285130425,-1.0305535405090898,1.6381419913293302,0.649316076064851,0.036149757809073604,0.6761394995569093,-1.3226034373454478,1.3949029529635952,0.9575788509158067,-8.215392818357054e-5,0.6387669179367864,-1.2837323345113147,1.2835680266549474,0.999897903619902,0.04351803701811943,0.6520176649776003,-1.2667605166916949,1.3537965907279337,0.9470573778396293,-0.009649430391664708,0.6532013654244471,-1.3223067192076412,1.3030078584243117,0.9882736486433195,Tertiary
"regionТверская область, Ржев и Ржевский район...23",-0.2558984177013366,0.32600615050942505,-0.911032304916905,0.39923546951423183,0.436261908535412,-0.407831566113853,0.23800175825289566,-0.8861140058920918,0.07045087366438574,0.09292930460734997,-0.32605376003695824,0.23979682063127755,-0.8079435127198955,0.15583599264597908,0.18014636271707268,-0.44939025564987106,0.26435899951260483,-0.9806395547826625,0.08185904348292034,0.09548545102957824,-0.39183462844478,0.23561961356340455,-0.8653299692437586,0.08166071235419853,0.10269742038471961,Tertiary
regionСаратов...24,-0.4658572272155571,0.7968582553730492,-2.0672038447152445,1.1354893902841305,0.5614872917949221,-0.435883067696782,0.6669032625215089,-1.776075349620707,0.9043092142271429,0.5164298258576182,-0.35253044837202546,0.6428877300791479,-1.6444617109933077,0.9394008142492567,0.5859382494897705,-0.30122012374929286,0.6427662647925749,-1.5929072927385073,0.9904670452399216,0.6414117088150133,-0.29444373919671013,0.6788910804552377,-1.6587264431874702,1.06983896479405,0.6664006122719545,Tertiary
regionТомск...25,0.2344295039696901,0.7196925733336395,-1.211846869747411,1.6807058776867914,0.7460113853932933,-0.03694171019683145,0.6765141714003929,-1.3964478366100672,1.3225644162164043,0.9566744246401362,-0.03336553354146119,0.6989402053105112,-1.4379384623674911,1.371207395284569,0.9621196318532187,0.08497766549688862,0.6810146635465403,-1.2835725384881396,1.4535278694819167,0.9012074782574313,0.1356827413043703,0.6958837796514691,-1.2627480702031222,1.534113552811863,0.8462155879053102,Tertiary
regionЛипецк...26,-0.229382056064524,0.6485382726430081,-1.5326685090984844,1.0739043969694366,0.7250879141899926,-0.28142116190423966,0.6198492492217896,-1.5270548638934989,0.9642125400850194,0.6518223576603025,-0.3920589437960083,0.6294557615227148,-1.656997655020384,0.8728797674283675,0.5362687911709774,-0.3995219241936193,0.6333608716290429,-1.672308247985935,0.8732643995986965,0.5311048079657803,-0.4707312508967353,0.6421676222530106,-1.761215402662549,0.8197529008690786,0.4670296733455723,Tertiary
"regionКрасноярский край, Назарово и Назаровский р...27",0.3060786484814418,0.3044807307817677,-0.30579828828061323,0.9179555852434969,0.31971596964345084,0.19142022177761137,0.22949347565663028,-0.26976418398467483,0.6526046275398976,0.40827329323007744,0.2340153822513506,0.22322939722071525,-0.21458088660268548,0.6826116511053867,0.2996355569971955,0.11365662610144667,0.21675929132679717,-0.3219374781665677,0.549250730369461,0.6024027559233245,0.13028448349152577,0.22321447552407578,-0.3182817990904477,0.5788507660734992,0.5621169334716312,Tertiary
regionРеспублика Кабардино-Балкария: Залукокоаже...28,0.05205524425139018,0.3633677457534212,-0.6781595795861585,0.7822700680889388,0.8866741354549212,-0.2556793211583277,0.18883388998366105,-0.6351552304002801,0.1237965880836247,0.18195143331159924,-0.23112685990305087,0.1878943181506907,-0.608714628855962,0.14646090904986014,0.22453668839494503,-0.2893314581577788,0.2655286204525809,-0.822931198568374,0.24426828225281644,0.28120023616629164,-0.3271703689468915,0.23388916010484978,-0.7971882333265536,0.1428474954327707,0.16816301627248534,Tertiary
"regionАлтайский край, Бийск и Бийский район...29",0.007048428985436568,0.32699837918427743,-0.6500794164046848,0.6641762743755579,0.982890518820211,-0.12185135712927836,0.3863591668236578,-0.8982691714159858,0.6545664571574292,0.7538097050421109,-0.19968947631466896,0.357711398128228,-0.9185374440320346,0.5191584914026968,0.579221239324222,-0.10014819430826924,0.2619495029022156,-0.6265554287188756,0.42625904010233706,0.7038782529210155,-0.1305257157085503,0.2786907787192675,-0.6905758034390548,0.42952437202195415,0.6416088447595567,Tertiary
"regionКоми Республика, Усинск и Усинский район (1994...30",0.7011048169989037,0.2842095334775892,0.12996437636628677,1.2722452576315206,0.017174142456520446,0.5405024215776083,0.2197726986625673,0.09885264854824671,0.9821521946069699,0.0174953354465027,0.6312362893615386,0.1966617878704153,0.23602963036758856,1.0264429483554887,0.002345527730807017,0.5290231045862578,0.2036063446714156,0.11986083621218002,0.9381853729603356,0.01234142883606985,0.6376337490755168,0.2009374836266263,0.23383475776838658,1.041432740382647,0.0026032657567547747,Tertiary
regionВладивосток...31,0.5394540946038815,0.6707678407921319,-0.808504348114635,1.887412537322398,0.42514679348402074,0.3273095212824911,0.6440027387595949,-0.9668624351722017,1.6214814777371838,0.6135639119466493,0.2722664560732072,0.6379546653237151,-1.0097514417724023,1.554284353918817,0.6714087414927453,0.2945838197605022,0.6440183593079163,-0.9996195273612876,1.588787166882292,0.649394333700718,0.2279548288349398,0.6304640690485018,-1.0390101522246686,1.4949198098945482,0.7192303189925917,Tertiary
"regionАмурская область, Тамбовский район...32",7.175662162243062e-4,0.30476595381490845,-0.6117325476902893,0.6131676801227379,0.9981309558862806,-0.1909074882970443,0.2831914352103975,-0.7600019838629486,0.37818700726886,0.5033974781304722,-0.03836055358353052,0.25650558303560117,-0.5538278214372726,0.47710671427021156,0.881733073703405,-0.004897096686302879,0.22672765468895417,-0.46052337712161434,0.45072918374900856,0.9828555264301185,-0.10100078588096777,0.20787744449579904,-0.5187461506974335,0.3167445789354979,0.6292272061271964,Tertiary
"regionСаратовская область, Вольск и Вольский райо...33",-0.5821848998161342,0.5050266348507847,-1.5970739193029817,0.4327041196707134,0.254593265871098,-0.46038083861286905,0.5043004735253431,-1.4738105822819483,0.5530489050562103,0.36576001581458284,-0.1714046655654897,0.3723897136620139,-0.9197498127023209,0.5769404815713415,0.6473492173394007,-0.21794296498219556,0.32311360953615875,-0.8672640734855064,0.43137814352111525,0.5031580099277613,-0.1234934675740064,0.260662943805657,-0.6473152646830652,0.4003283295350525,0.6377703599229563,Tertiary
"regionКоми Республика, Сыктывкар...34",0.6358395223369173,0.6570973498438581,-0.6846470402925489,1.9563260849663835,0.3379717898971476,0.41830260542075715,0.6654142251159093,-0.9188973438057156,1.7555025546472298,0.5325076881549308,0.27220400157614855,0.6492723672294913,-1.0325576697605192,1.5769656729128165,0.6768696098026104,0.27767283471404625,0.6537983543705074,-1.036184148304773,1.5915298177328654,0.6729093163576954,0.40749692439472845,0.6541844067216448,-0.9071358598691719,1.7221297086586287,0.536233273959506,Tertiary
regionЧелябинск...35,-0.12781236041635885,0.7353202500866792,-1.6054937263502291,1.3498690055175115,0.8627241206861438,-0.1422074561591106,0.5921036063882976,-1.3320842013719518,1.0476692890537305,0.8111979071419002,-0.11698971933720799,0.5935111271929683,-1.3096949835048597,1.0757155448304436,0.8445532095217989,-0.0073643768634143805,0.6199155954094018,-1.2531314065083767,1.238402652781548,0.9905698750678953,-0.1594119140521369,0.596617361639045,-1.358359390043342,1.0395355619390683,0.7904420462024182,Tertiary
"regionЧелябинская область, Красноармейский район...36",-2.0367032745948546,1.2513187534685892,-4.55132245532076,0.47791590613105006,0.11001416119325526,-0.012673184346615803,1.3944312421107896,-2.814887678371826,2.7895413096785946,0.9927854877689796,0.09428962810474842,0.6990111429026462,-1.3104258551498176,1.4990051113593146,0.8932514059971315,-0.1031883308444152,0.270182223843835,-0.6461398373934952,0.4397631757046649,0.7041711480281163,-0.2603165114532322,0.31702319427704123,-0.8973984722679863,0.3767654493615219,0.41555079506676573,Tertiary
regionНижний Новгород...37,0.18795483773716673,0.6038496978327417,-1.025526561975485,1.4014362374498184,0.7569226530960234,0.1660822700848939,0.6314966786956823,-1.102957817751309,1.4351223579210968,0.7936549600091091,0.024787672781857367,0.6281198182492547,-1.2374663599219635,1.2870417054856784,0.9686813759816517,0.10737288262038801,0.627625260873723,-1.1538872998282248,1.3686330650690006,0.8648669403866226,0.07623060380220173,0.6148889456220762,-1.15943499490443,1.3118962025088337,0.9018425665463246,Tertiary
"regionПензенская область, Земетчинский район...38",-0.07028988701002067,0.3213171395170986,-0.7160008538487831,0.5754210798287417,0.8277491320328381,0.01329376945075383,0.20320293085128885,-0.39505780850008143,0.4216453474015891,0.9481048718529196,-0.04669806242834996,0.1832808397823637,-0.41501469949523967,0.32161857463853977,0.7999518994602217,-0.219209077424404,0.23120349844750893,-0.6838299026421666,0.24541174779335856,0.34772019010443167,-0.33260316441953375,0.2241307243848133,-0.7830107180230932,0.11780438918402569,0.1442215784959911,Tertiary
"regionКраснодарский край, Кущевский район...39",0.00537696876099787,0.28520836656938087,-0.5677707021189088,0.5785246396409046,0.9850351134766137,-0.0881186544159567,0.20668926867053447,-0.5034762905166151,0.3272389816847018,0.671731670154482,-0.08947894367550165,0.19397990224685252,-0.479296151731527,0.30033826438052375,0.646639270888457,-0.0021143325801558166,0.17927973093812985,-0.36239044039261437,0.35816177523230275,0.9906382667026863,-0.0034064024572957787,0.16192219695902063,-0.32880123980770715,0.32198843489311557,0.9833013520042141,Tertiary
regionСмоленск...40,-0.2491045077599669,0.6974385873010781,-1.6506598222186128,1.152450806698679,0.722497875148449,-0.2202534549786044,0.6324830833399125,-1.4912757971616417,1.050768887204433,0.7291545827854371,-0.14053101969858461,0.6627392376139074,-1.472355380281404,1.191293340884235,0.8329509494342926,-0.0027562265849427822,0.6529530776371552,-1.3149145624118956,1.30940210924201,0.9966491417601798,-0.29348489438800474,0.6667417699647833,-1.6333526448689533,1.0463828560929436,0.661744016555614,Tertiary
regionТула...41,0.39664596226980736,0.5987359742977394,-0.8065590252573787,1.5998509497969933,0.5107727354081433,0.14730359424741726,0.6131203317722284,-1.0848078418625167,1.3794150303573511,0.8111369554146453,-0.005789562925043294,0.6170623730679985,-1.2458228276066978,1.2342437017566112,0.9925520862502414,0.036709466428603524,0.615965534364511,-1.2011196183553974,1.2745385512126046,0.9527193079847764,-0.10483221928751614,0.5991689869680421,-1.3089073783543057,1.0992429397792733,0.8618299166846206,Tertiary
"regionРостовская область, Батайск...42",-0.3781421270824089,0.4580214733645469,-1.2985707380292522,0.5422864838644342,0.4130331758820335,-0.1672310906269436,0.29018161240621415,-0.7503728731887066,0.41591069193481933,0.5670516438694104,-0.04225783461364947,0.22512087379869575,-0.4946551679604051,0.4101394987331062,0.8518777864463842,-0.24582144048689725,0.21827186212184008,-0.6844551695690347,0.19281228859524024,0.2655594096505425,-0.18056204137415754,0.25719452540989385,-0.6974137907630872,0.3362897080147721,0.4859728664156534,Tertiary
regionМосква...43,0.48599772521005297,0.617389312001678,-0.7546925478567774,1.7266879982768832,0.4349664662547311,0.4059147446197975,0.6461142662460384,-0.8925004851841698,1.7043299744237648,0.532764251082899,0.451098729767679,0.6288910390209324,-0.812705129101265,1.714902588636623,0.4765993489408068,0.585161452263033,0.6362227133149532,-0.6933759577138724,1.8636988622399384,0.3622128441612523,0.55925583015284,0.641189577161474,-0.7292628664162261,1.847774526721906,0.3873445113812659,Tertiary
regionСанкт-Петербург...44,-2.5158692917658847,1.2293962172535124,-4.986433486578902,-0.045305096952867,0.0460990161416295,-0.13279245977127654,1.2237987391106337,-2.5921081011179927,2.32652318157544,0.9140355336619729,-0.081430487664821,0.6898533276532728,-1.467742652168042,1.3048816768383997,0.9065182921319738,-0.03634771610088684,0.6993568847247811,-1.4417579935596552,1.3690625613578813,0.9587614648440248,-0.1577810631753033,0.7228963331719371,-1.610495633329157,1.2949335069785501,0.8281311675213616,Tertiary
regionМосковская область...45,0.21502940662127684,0.26056774113056574,-0.3086010735494102,0.7386598867919638,0.4132383033680094,0.2450948650783752,0.1748001359458496,-0.10617915956522883,0.5963688897219792,0.16717598127163288,0.42363964079047556,0.16931326055487614,0.08339190506178562,0.7638873765191655,0.015732872376406783,0.3953593472980838,0.16473162244654374,0.0643187580573863,0.7263999365387813,0.020238948014072274,0.3506714728634496,0.18062872196996943,-0.012315533921703259,0.7136584796486024,0.05797269886369946,Tertiary
"regionНовосибирская область, Бердский район (с 2003...46",0.0031482966113370865,0.27637594203506394,-0.5522499526405935,0.5585465458632677,0.990957463948408,-0.06780574901701461,0.2310485672805661,-0.5321152283982293,0.39650373036420017,0.7704025783882087,0.014216249760045999,0.21917796194329864,-0.4262383550856618,0.4546708546057538,0.9485480363162422,-0.10680266834164448,0.19859818044472327,-0.5059006539022848,0.2922953172189958,0.5931613365348849,-0.207933336043409,0.22203248172971976,-0.6541243131658042,0.2382576410789862,0.3536089294988284,Tertiary
O...47,0.026485092068270308,0.042842321501314014,-0.05960977632189993,0.11257996045844054,0.5393070028108562,0.006232034721282387,0.03067509679755758,-0.05541188019963177,0.06787594964219655,0.8398492041415114,0.023692909302413252,0.026401255258662555,-0.029362399494523135,0.07674821809934965,0.37388529179729435,0.01873033032284624,0.02539613593229313,-0.03230511556545813,0.0697657762111506,0.464319365528684,0.021974755307498425,0.03995136003501364,-0.05831050850849974,0.1022600191234966,0.5847921749368605,Tertiary
C...48,0.09211569305019696,0.0678762499336485,-0.04428673800565827,0.22851812410605218,0.18096424301044592,0.07237495743862365,0.03381499980742226,0.00442117118209788,0.14032874369514942,0.03733225032295433,0.024967816342124367,0.02497252422604818,-0.025216349951152087,0.07515198263540082,0.322313725249638,0.011124410432287384,0.023533554290362878,-0.036168037511262435,0.0584168583758372,0.6385230314177984,-0.0075286267863479365,0.034642925891161226,-0.07714619279892894,0.06208893922623306,0.8288607772087118,Tertiary
E...49,0.05532122135485251,0.04392274855769459,-0.03294484649334456,0.14358728920304958,0.21381205780264598,0.006075107662112281,0.027821848404125497,-0.049834989941981975,0.06198520526620653,0.8280575047871199,0.014388739369078061,0.025168261673042334,-0.03618877605065675,0.06496625478881286,0.5701374550150251,0.021744445200908135,0.022282935157396332,-0.023034789501952074,0.06652367990376834,0.33393993111680054,0.015017613173268655,0.027896048866641876,-0.04104159584288205,0.07107682218941935,0.5927781991289547,Tertiary
A...50,0.022834842584636854,0.033691759767401734,-0.044871283539240865,0.09054096870851458,0.5011134038124283,0.015676909572636295,0.027031577044799204,-0.03864507827714338,0.06999889742241597,0.5646070300999788,-0.007514438693964509,0.02445326510788903,-0.05665511472173477,0.04162623733380575,0.7599188703441838,0.009982051443485957,0.02408959472099994,-0.03842780158031478,0.05839190446728669,0.6804101968054113,-0.010041532056256321,0.034898779793323835,-0.08017325573494619,0.060090191622433536,0.7747645746492776,Tertiary
ES...51,-0.008944508190766214,0.04584647868372952,-0.1010764564631626,0.08318744008163018,0.8461237747356407,-0.019942234334669455,0.0311460653292863,-0.08253259595441276,0.042648127285073854,0.5249728353360166,-0.034893010728900165,0.025424015184259706,-0.08598448207158625,0.016198460613785923,0.1761754766944186,-0.028744967129681574,0.023211385890634,-0.07538999343495069,0.01790005917558754,0.2214683008971175,-0.025453035982129012,0.03483315571824916,-0.0954528831445893,0.04454681118033127,0.4684342242961467,Tertiary
(Intercept)...52,4.2168805705336805,0.14152485489388486,3.9324757267006207,4.50128541436674,4.6798479889983036e-33,4.4680143414261995,0.14538460433512054,4.175853040694509,4.76017564215789,1.1081167033070391e-33,4.6155339244145255,0.12179576997781474,4.37077616108002,4.860291687749031,5.801421151288334e-38,4.729471449139875,0.13444028393305918,4.459303583675375,4.999639314604375,1.956532183821165e-36,4.957154991728526,0.1614574241241891,4.6326941503578825,5.28161583309917,1.1594362305968282e-33,Secondary Vocational
exp_imp...53,0.08277708949793389,0.024899924104101787,0.032738818611933465,0.13281536038393432,0.00168329423966727,0.07917835314965979,0.023756902151008105,0.03143707087609154,0.12691963542322804,0.001642170615414598,0.08106825258370097,0.020197112556637413,0.040480635328370394,0.12165586983903154,2.0427332450420133e-4,0.08739710218318708,0.019934041198431514,0.04733814661490504,0.12745605775146912,6.148087053424361e-5,0.04857363098004616,0.025850216607657406,-0.0033743241891291825,0.1005215861492215,0.06619348146026205,Secondary Vocational
I(exp_imp^2)...54,-0.005906863790571756,0.002427559561911927,-0.01078522737284627,-0.0010285002082972422,0.01865846876159688,-0.005721366317653177,0.002698373775396259,-0.011143951437208435,-2.98781198097918e-4,0.03906806135856256,-0.005459454375225395,0.002172973929764577,-0.0098262089754077,-0.0010926997750430895,0.01533179401102095,-0.005041011445787687,0.002029072166959383,-0.00911858462685743,-9.634382647179442e-4,0.01644288435376334,-0.0017499140239653557,0.0023833414057497365,-0.006539417894584818,0.0030395898466541067,0.46630937998985833,Secondary Vocational
areaUrban-Type Settlement...55,0.038276629233017834,0.07701647403804042,-0.11649376984483517,0.19304702831087084,0.6214168239053255,-0.017541584220208344,0.08255852130909483,-0.18344914425697198,0.14836597581655528,0.832618271281399,0.03018265513762108,0.07850866464475158,-0.1275864132325555,0.18795172350779768,0.7023084468760904,0.06182719931672036,0.08507410679086995,-0.10913561901110037,0.2327900176445411,0.4708398393229235,0.10455179751825444,0.10716684292673376,-0.11080803626862853,0.31991163130513744,0.3340555372616739,Secondary Vocational
areaCity...56,0.050692239907317034,0.08186838346979165,-0.11382843621737707,0.21521291603201112,0.5386583347067669,0.0618694983828275,0.09409956029551966,-0.1272306478117986,0.25096964457745363,0.5139428944759907,0.1203120208088425,0.092748906368153,-0.0660738846994162,0.3066979263171012,0.20064388641703837,0.16726783646542387,0.10076806561680458,-0.035233172891520975,0.3697688458223687,0.10331611586131284,0.21707966553282604,0.09865974589948001,0.018815483271767963,0.4153438477938841,0.03253141358566407,Secondary Vocational
areaRegional Center...57,0.15872207094503837,0.45013026774206627,-0.7458485685917726,1.0632927104818493,0.7258903834914168,0.1850425429638212,0.43864842915920843,-0.6964544780801636,1.066539564007806,0.6749817461947143,0.21531666528387686,0.45339017217497224,-0.6958049974767098,1.1264383280444634,0.6369655837881326,0.3308804590341094,0.4506265940028773,-0.5746875854659643,1.2364485035341832,0.4662850342025693,0.3509691709117614,0.4517212858107115,-0.5567987391376242,1.2587370809611471,0.4409174669637598,Secondary Vocational
sexMale...58,0.4147004051008638,0.06346864139914139,0.2871553950109136,0.542245415190814,3.4991271903542376e-8,0.3331878842455269,0.05048015457811308,0.23174421563889466,0.43463155285215915,2.760754872742616e-8,0.30757051165920934,0.05213549275958386,0.20280031643401886,0.41234070688439983,3.3423237031265587e-7,0.30755138746808025,0.054313369658611714,0.19840458475708755,0.41669819017907295,7.71467050764261e-7,0.3691877826429625,0.0696587103566902,0.22920336325979973,0.5091722020261252,2.7445877045594862e-6,Secondary Vocational
marital_status2. Married/Civil partnership...59,-0.06464507995671913,0.06555365300467984,-0.19638007773828653,0.06708991782484826,0.32890898465680685,0.0064852173850469055,0.047446198503499196,-0.08886148822350345,0.10183192299359728,0.8918392883743598,0.04117177835610705,0.04204249736818724,-0.04331578326207326,0.12565933997428735,0.33224740097777616,0.053770145661985166,0.04934035853220398,-0.04538301703541035,0.15292330835938067,0.28114047400020864,0.001041711087421017,0.044699752651383096,-0.08878580494660053,0.09086922712144256,0.9815019273093657,Secondary Vocational
marital_status3. Divorced/Separated/Widowed...60,0.246248658933284,0.14168304158450315,-0.038474072956085875,0.5309713908226539,0.08848780185751591,0.13914777346095603,0.12311174551701834,-0.1082545417298007,0.38655008865171275,0.26387070029862936,0.07360859998450658,0.11045017824742778,-0.14834934315803489,0.29556654312704805,0.5082547018604017,0.08396423013767368,0.12939392579398099,-0.17606259897284893,0.3439910592481963,0.5194303921956086,0.10668414208549479,0.14551700135847898,-0.18574322042580652,0.3991115045967961,0.46696692794567274,Secondary Vocational
regionКраснодар...61,-0.08716871416315819,0.47529103349524593,-1.0423018055047684,0.8679643771784521,0.8552404236700745,-0.26722871128142034,0.46387405594745196,-1.1994185272601232,0.6649611046972826,0.5671976246881913,-0.2948225696408647,0.47490965924359707,-1.2491892607302826,0.6595441214485533,0.5376101692541007,-0.33008464180885366,0.471648533537217,-1.2778978554335647,0.6177285718158573,0.4873285862850282,-0.4052337281455534,0.4641746745525901,-1.3380276598289622,0.5275602035378555,0.3869105192178156,Secondary Vocational
"regionУдмуртская Республика, Глазов и Глазовский...62",-0.2750006358723444,0.2874908604774947,-0.8527351499888951,0.3027338782442062,0.34348804609388217,-0.5105318216652928,0.2693472417888469,-1.0518053689532214,0.030741725622635885,0.0639406006681775,-0.6057748223519812,0.27020247272867415,-1.1487670205586133,-0.06278262414534896,0.029526371368800777,-0.639569048270916,0.2552849499794966,-1.152583362161489,-0.12655473438034304,0.015607263054962604,-0.7617275433616141,0.24392447838504303,-1.251912134853863,-0.27154295186936517,0.003004503483936852,Secondary Vocational
"regionПермский край, Соликамск и Соликамский райо...63",-0.2148297174861738,0.23413919067476363,-0.6853500371076602,0.2556906021353126,0.3633592566653828,-0.26530314007423916,0.21135169032791784,-0.6900302632826303,0.15942398313415196,0.2153348178764969,-0.2110633762861006,0.19718444802124713,-0.6073203601765965,0.1851936076043953,0.28969012611085676,-0.24569077948874213,0.2183858178604994,-0.6845535112014182,0.1931719522239339,0.2660567126902429,-0.23981596649909226,0.20065803696200213,-0.6430533887088954,0.16342145571071093,0.23778188819875276,Secondary Vocational
"regionКалужская область, Куйбышевский район...64",-0.21996748037045433,0.35809030461087415,-0.9395768891725335,0.4996419284316248,0.5418725578605976,-0.16780307428624153,0.31771690294466753,-0.8062790948612394,0.47067294628875633,0.5997771997340244,-0.0925391782755646,0.41577043764147276,-0.9280611540902549,0.7429827975391258,0.8247931974410342,-0.05007890650819603,0.46442914303724414,-0.9833842117569955,0.8832263987406035,0.9145716991092949,-0.018451294025377544,0.3936093507848411,-0.8094388984651107,0.7725363104143556,0.9628016589805588,Secondary Vocational
"regionТамбовская область, Уварово и Уваровский ра...65",-0.6258275421222566,0.21618897203147325,-1.060275546857131,-0.19137953738738211,0.0056509267562621715,-0.7206771789351483,0.16501273520609883,-1.0522826854162888,-0.38907167245400776,6.500048599605677e-5,-0.6368611641315677,0.16985045106976207,-0.978188424616593,-0.29553390364654225,4.683879872109522e-4,-0.6426341804136414,0.15912655415662955,-0.962410963216509,-0.32285739761077376,1.8882865075400671e-4,-0.6065192940233646,0.17323802908763689,-0.9546541474069545,-0.25838444063977456,9.981090900157846e-4,Secondary Vocational
"regionВолгоградская область, Руднянский район...66",-0.7534621928079317,0.1702570749319029,-1.0956065945371412,-0.4113177910787222,5.36796704075497e-5,-0.6415501596655142,0.17257643148909163,-0.9883554828981236,-0.2947448364329049,5.171050054702939e-4,-0.6867661398729369,0.19220004864098025,-1.0730065981968862,-0.30052568154898757,8.033581706246936e-4,-0.5651873931582345,0.2123439498439592,-0.9919085365188682,-0.1384662497976008,0.010485760083055599,-0.6886991656735122,0.24686568109481152,-1.1847943252986894,-0.19260400604833505,0.007492842850989027,Secondary Vocational
regionКазань...67,-0.48082005017868484,0.5061801095472612,-1.4980270638522268,0.5363869634948573,0.3468253455325595,-0.5169326850599387,0.48346452869024403,-1.488491029946212,0.4546256598263345,0.29020707263496726,-0.4497429603562101,0.48537052640639144,-1.425131551054878,0.5256456303424579,0.3586772887567443,-0.5322409497370197,0.5011239467896156,-1.539287223937902,0.4748053244638626,0.29339956484603835,-0.42558241842190425,0.5117676837558622,-1.454018082860673,0.6028532460168644,0.409673034425158,Secondary Vocational
regionКурган...68,-0.38020876751549043,0.5022049318713683,-1.3894273625683689,0.6290098275373881,0.45262780533369207,-0.549915883401243,0.46625581099890967,-1.4868920153522627,0.38706024854977683,0.2439221004244587,-0.5479788002927907,0.5120741213955639,-1.577030274224028,0.48107267363844664,0.289810113559638,-0.5311329253573888,0.4976098810884677,-1.531117420143599,0.46885156942882145,0.29103632264746915,-0.5601249958814265,0.49110504759407614,-1.5470375383556587,0.4267875465928056,0.2596054395989543,Secondary Vocational
"regionОренбургская область, Орск...69",-0.5014842983927673,0.17960140676951994,-0.8624068379903704,-0.14056175879516425,0.007444509246145865,-0.47253236966516954,0.17643677963429855,-0.8270953529370845,-0.1179693863932546,0.01004570535158495,-0.4815531691610552,0.159159843337053,-0.801396849076566,-0.1617094892455443,0.00394565866119979,-0.5511602599763435,0.16387182921919585,-0.8804730300383113,-0.22184748991437575,0.001501749189694649,-0.6589127171894449,0.19366611075351628,-1.0480993376308398,-0.2697260967480498,0.0013389730030547527,Secondary Vocational
"regionРеспублика Чувашия, Шумерля и Шумерлинский...70",-0.4258852759473813,0.42305949224919254,-1.2760551554038282,0.42428460350906555,0.3190343576973947,-0.43326068320723954,0.3577890681426188,-1.1522647346621924,0.2857433682477133,0.23172715712346137,-0.3474808095524729,0.26051940274499974,-0.8710141501005237,0.17605253099557788,0.18843618807968326,-0.2991930100573511,0.29702703841025474,-0.8960911912044346,0.2977051710897324,0.3187428637655423,-0.30564360501399046,0.30473958287491404,-0.9180407245325114,0.3067535145045305,0.3208044076049281,Secondary Vocational
"regionСтавропольский край, Георгиевск и Георгиев...71",-0.5792585524566896,0.16281597912014434,-0.906449512305483,-0.2520675926078962,8.417112614080609e-4,-0.5019070600202586,0.1553214148011815,-0.8140371290005919,-0.18977699103992535,0.0022040641603621853,-0.5236519467560234,0.1542592002244825,-0.8336474156265048,-0.21365647788554215,0.0013697152237823417,-0.4170692243835171,0.17612687089146115,-0.7710094227200561,-0.06312902604697812,0.021874496631922452,-0.362250565792188,0.18034691438677233,-0.7246712590365127,1.7012745213668135e-4,0.0501034954674647,Secondary Vocational
"regionАлтайский край, Курьинский район...72",-0.6121487998286086,0.2963598970709075,-1.2077063102604746,-0.016591289396742592,0.04417996414362778,-0.7280511656728736,0.2504119333601656,-1.2312727860351198,-0.2248295453106275,0.005460821825464395,-0.6443157299569613,0.3738246677960992,-1.3955445253880665,0.10691306547414403,0.09108945208066743,-0.3682706838217664,0.4330917738087597,-1.2386011878722276,0.5020598202286949,0.3992779975329205,-0.5527653053379673,0.4426992644136899,-1.4424027845990481,0.3368721739231135,0.21773520001684188,Secondary Vocational
regionКрасноярск...73,-0.2356892852728349,0.5097309543536184,-1.2600319887401212,0.7886534181944513,0.6458556842784293,-0.36251361183018205,0.5307254585717516,-1.429046351090034,0.70401912742967,0.4977903877216231,-0.27397653382024734,0.5304219536388121,-1.3398993570825177,0.791946289442023,0.6078107861362158,-0.2859797840231558,0.5191663641304228,-1.3292836533300756,0.7573240852837638,0.584243406784841,-0.3925259305939567,0.5366564165561435,-1.4709773761516969,0.6859255149637834,0.4680009484822254,Secondary Vocational
"regionТверская область, Ржев и Ржевский район...74",-0.08333074500398611,0.21499862050305207,-0.5153866487838664,0.34872515877589416,0.6999999931878469,-0.18321281358443975,0.23525069072737514,-0.6559667761877221,0.2895411490188426,0.4398435635318647,-0.22647491156059626,0.22393062327311145,-0.6764803469251577,0.22353052380396513,0.31681143660998745,-0.1800125301488124,0.24586978593089917,-0.6741063635138145,0.3140813032161897,0.46756717953188476,-0.06688248341731257,0.2248045214307812,-0.5186440828793,0.3848791160446748,0.767331892518865,Secondary Vocational
regionСаратов...75,-0.31962904911243256,0.4934199671431202,-1.31119359658837,0.6719354983635049,0.5201491504802109,-0.36443763855823247,0.4996974310307583,-1.3686172220147403,0.6397419448982755,0.46927998963771567,-0.25397390317407154,0.5025392909288935,-1.2638644179092626,0.7559166115611196,0.6155569448628277,-0.212055235384473,0.4981021618697615,-1.2130290054384858,0.7889185346695399,0.6721713918846879,-0.26115502526151524,0.5062904689414529,-1.2785838144408093,0.7562737639177789,0.608299539811861,Secondary Vocational
regionТомск...76,-0.038579880001280424,0.49177024165688105,-1.0268291799920106,0.9496694199894498,0.9377887842672478,-0.2011387393601441,0.47456083330995047,-1.1548044384912375,0.7525269597709492,0.6735360450052601,-0.08563655390334704,0.5069660117883112,-1.1044228972593075,0.9331497894526135,0.8665551806418798,-0.10800407028979771,0.5056977938289622,-1.1242418342393679,0.9082336936597724,0.8317652024766259,-0.13881039476808169,0.5065963078605,-1.1568537902656433,0.87923300072948,0.785231870086214,Secondary Vocational
regionЛипецк...77,-0.564028787891323,0.5015595829493666,-1.571950505731239,0.443892929948593,0.2662585600940152,-0.6387502946181862,0.4967266639199204,-1.6369598980534763,0.35945930881710386,0.20451498386252293,-0.652268399295445,0.4966034500257379,-1.6502303951401158,0.3456935965492258,0.19514543016784686,-0.7057907371346721,0.5097377104560598,-1.7301470174981242,0.31856554322877995,0.17244303971085503,-0.9185085911241915,0.5021070570798504,-1.9275304994196965,0.0905133171713135,0.07344168969888025,Secondary Vocational
"regionКрасноярский край, Назарово и Назаровский р...78",-0.2665728037423446,0.24689672894097547,-0.7627303563503389,0.22958474886564978,0.28556464161976874,-0.19958913391215816,0.20077462358294026,-0.6030608457083793,0.2038825778840629,0.3250603164896029,-0.15767035588963857,0.19911439830145308,-0.557805720072127,0.2424650082928499,0.4322602203186908,-0.1835241115976947,0.20332939779628068,-0.592129834389501,0.22508161119411155,0.371156559556452,-0.04020361478558096,0.21815147493256823,-0.4785954167532901,0.39818818718212823,0.8545448358211734,Secondary Vocational
regionРеспублика Кабардино-Балкария: Залукокоаже...79,-0.10370440350850504,0.15493209514415737,-0.4150521053467551,0.20764329832974496,0.5064115685958619,-0.28151272206364764,0.14619079014305608,-0.5752941138314904,0.012268669704195212,0.059960938313992254,-0.35486386023932687,0.1313158072953176,-0.6187528548236323,-0.09097486565502144,0.009432875471848663,-0.29995902361102955,0.14502013529266988,-0.591387896380311,-0.008530150841748074,0.04390140891089579,-0.2551180015972404,0.16616682780591435,-0.5890427439883243,0.07880674079384348,0.13113952084345357,Secondary Vocational
"regionАлтайский край, Бийск и Бийский район...80",-0.3934298360592332,0.39273468116057064,-1.1826597260813632,0.39580005396289686,0.32137622899633156,-0.3678147655997115,0.43897513784735814,-1.249968332333157,0.514338801133734,0.40615866783911003,-0.48538686582133594,0.3250422679127544,-1.1385837584391352,0.1678100267964634,0.1417693497773691,-0.635176697152465,0.24737904971621066,-1.132303509646725,-0.13804988465820506,0.013341748033099095,-0.5694756007979537,0.2538854629169661,-1.0796775401429826,-0.059273661452924675,0.02944960511033145,Secondary Vocational
"regionКоми Республика, Усинск и Усинский район (1994...81",0.30179562498872176,0.28213831892995467,-0.265182554178187,0.8687738041556305,0.2900078050863199,0.391591081024678,0.24609042321132948,-0.10294613955546439,0.8861283016048204,0.11798529645884438,0.2541729543987821,0.21705918141826008,-0.18202380157089654,0.6903697103684607,0.24726814451893686,0.21775215398780107,0.21612601562597458,-0.21656933511356458,0.6520736430891667,0.31863261564195355,0.17086522093794115,0.22370023092776706,-0.278677223674592,0.6204076655504743,0.44864085913241636,Secondary Vocational
regionВладивосток...82,-0.17965884072673816,1.1336370053447562,-2.457787694560908,2.0984700131074314,0.8747299056984302,-0.13702273920433317,0.4948277092068442,-1.1314162502717955,0.8573707718631293,0.7830140291031337,-0.07637081551953658,0.5228135664610828,-1.1270040123149505,0.9742623812758773,0.8844602417250165,-0.18932265486337657,0.48870719013531816,-1.171416522366323,0.7927712126395698,0.7001415403894038,-0.35704659817728907,0.49416955778813865,-1.3501175044514393,0.6360243080968613,0.47341027392125323,Secondary Vocational
"regionАмурская область, Тамбовский район...83",0.19878781663138406,0.24127654227135625,-0.28607554801729973,0.6836511812800679,0.4139885810337868,-0.07840533448676847,0.1952763128146242,-0.47082777711694046,0.31401710814340356,0.6897906920409931,-0.11982378716912402,0.17957908952431206,-0.4807014785833964,0.2410539042451484,0.5077440179245525,-0.057223737739164296,0.16405071554671716,-0.3868959933351799,0.2724485178568513,0.7287208733824255,-0.08210695844561097,0.19056827402458992,-0.4650682429078862,0.3008543260166643,0.6684645344024855,Secondary Vocational
"regionСаратовская область, Вольск и Вольский райо...84",-0.30910424947322296,0.18837114901882168,-0.6876502459310289,0.06944174698458294,0.10721586381588785,-0.38650392509345377,0.18725774018348204,-0.7628124427269602,-0.010195407459947292,0.044331597075424556,-0.41455755218323087,0.20765477014184763,-0.831855436132052,0.0027403317655903536,0.051464733861727605,-0.3374680729487665,0.23530386607101036,-0.8103288954058441,0.13539274950831098,0.1578722947531771,-0.24043366283996248,0.23521216913808002,-0.7131102134113025,0.23224288773137752,0.311707039519257,Secondary Vocational
"regionКоми Республика, Сыктывкар...85",-0.20695614834059023,0.4865351239647114,-1.1846850854536792,0.7707727887724987,0.6724313095643133,-0.18400742680649482,0.4885982684408084,-1.1658824079693682,0.7978675543563786,0.708094810178703,-0.18226896481670793,0.5122474509242304,-1.211668757476617,0.847130827843201,0.723501166852188,-0.17979611120613762,0.4966081765809913,-1.1777676054192026,0.8181753830069274,0.7188727517363648,-0.3013792426453077,0.5017911997266069,-1.3097664118252694,0.707007926534654,0.550869941152093,Secondary Vocational
regionЧелябинск...86,-0.3754054269874967,0.5263191923515457,-1.433083442763024,0.6822725887880305,0.4790647673889129,-0.34798539891010133,0.5151290357642606,-1.383175953108222,0.6872051552880192,0.5025144605744538,-0.3289504879329237,0.5370846975829998,-1.4082625964367665,0.7503616205709192,0.5430561618031111,-0.3206157059210839,0.5312743654211707,-1.3882515147930192,0.7470201029508514,0.5489701669526958,-0.27843323040346607,0.5400666188745907,-1.3637377340939585,0.8068712732870265,0.6084847042340462,Secondary Vocational
"regionЧелябинская область, Красноармейский район...87",-0.03774101439268638,0.23089745406064224,-0.5017468203891392,0.42626479160376646,0.870833633277586,-0.1655914206462766,0.1797631820944297,-0.5268390599307968,0.19565621863824365,0.36147791538756546,-0.15461864568365713,0.18062801550129853,-0.5176042327668631,0.20836694139954887,0.39616124938910746,-0.08898483668121654,0.20879967895885318,-0.5085835010374631,0.33061382767502995,0.6718479748028648,-0.09890581045546915,0.1986739946015651,-0.4981561502683226,0.3003445293573843,0.6208310539942766,Secondary Vocational
regionНижний Новгород...88,-0.3182813697809377,0.5462425216611752,-1.4159968147782676,0.7794340752163922,0.5627846307094422,-0.36236241187362367,0.5165032493269026,-1.4003145516177569,0.6755897278705094,0.4862672256117132,-0.29084647095833616,0.5229834401346591,-1.3418210416816092,0.760128099764937,0.5806532222415218,-0.3132651969998051,0.5138928480030259,-1.3459715388845062,0.7194411448848961,0.5449483180949847,-0.353353232665229,0.5340497292250426,-1.4265663439114502,0.7198598785809921,0.5112960866642332,Secondary Vocational
"regionПензенская область, Земетчинский район...89",-0.11503815022647643,0.5244619927556214,-1.168983983683628,0.9389076832306752,0.8272924224850858,-0.26039582971212794,0.5960105617403155,-1.4581238956529536,0.9373322362286979,0.6641046807033996,-0.49684245296786844,0.506494317823378,-1.5146808918123957,0.5209959858766587,0.3314391877209377,-0.9273742978168751,0.5102144925802334,-1.9526887077305723,0.097940112096822185,0.0752396360724144,-1.1121117529228832,0.513436362543111,-2.1439007529312297,-0.08032275291453672,0.03520368199679984,Secondary Vocational
"regionКраснодарский край, Кущевский район...90",-0.53822160151255,0.26182545524642126,-1.0643795528258482,-0.01206365019925193,0.04516497924524719,-0.4727726153380578,0.16310572750733074,-0.8005458463707391,-0.1449993843053765,0.005593726960227918,-0.2891525934676841,0.15558272895437694,-0.6018077928993903,0.02350260596402215,0.06910820227284933,-0.15048075331375477,0.1578281325248245,-0.46764826015799404,0.1666867535304845,0.34504362959522306,-0.17616672881401263,0.15502028252507244,-0.4876916498291768,0.13535819220115153,0.2613120518018012,Secondary Vocational
regionСмоленск...91,-0.41156763590616585,0.48375345468720304,-1.383706599321291,0.5605713275089591,0.39903019983334154,-0.4948132311760664,0.48841001721937066,-1.4763099073459793,0.48668344499384647,0.31598413120452873,-0.4781417681094367,0.4882293053963558,-1.4592752902747623,0.502991754055889,0.33222345431816835,-0.5634986058024892,0.47933800076647004,-1.526764382357824,0.3997671707528455,0.2454445626743174,-0.6729752446227124,0.48957732438197377,-1.656817712360716,0.31086722311529125,0.17550816097219143,Secondary Vocational
regionТула...92,-0.359032935542852,0.9139099790516941,-2.195603798410439,1.4775379273247347,0.6961314478916465,-0.3809660369339002,0.514815123456864,-1.4155257607324465,0.653593686864646,0.4628276254859901,-0.20623175501923544,0.5202905641465725,-1.2517947888401897,0.8393312788017189,0.6935471069199253,-0.25127952030695266,0.5399171377127521,-1.3362836303561967,0.8337245897422914,0.6437041928197759,-0.2802503782726772,0.5442329900335348,-1.3739275182728727,0.8134267617275185,0.6089062941941872,Secondary Vocational
"regionРостовская область, Батайск...93",-0.1593406549618307,0.16690223311025107,-0.49474324964176314,0.17606193971810175,0.34441851505971754,-0.26836426569033767,0.16714583914572437,-0.6042564050267725,0.06752787364609714,0.11479488194710055,-0.3142365282288909,0.16320943361283916,-0.6422181644831411,0.01374510802535922,0.05999878712798838,-0.3664579598538613,0.17415626526078018,-0.7164380779128364,-0.016477841794886205,0.04051590458204125,-0.4904252652558663,0.16687248919309122,-0.825768087296419,-0.15508244321531356,0.005011061005957478,Secondary Vocational
regionМосква...94,0.0499988552275055,0.4890838459138249,-0.9328519304008498,1.0328496408558607,0.918991634754567,-0.0321043233300712,0.4829499034547521,-1.002628490086698,0.9384198434265556,0.9472697796392622,0.0349652571081915,0.49134789117091154,-0.9524352978045448,1.0223658120209278,0.9435585489212129,0.06727015932653398,0.49186871029413887,-0.9211770207992634,1.0557173394523314,0.8917773676805651,0.08338584095762719,0.513773118981827,-0.9490798964509068,1.1158515783661611,0.8717363546502491,Secondary Vocational
regionСанкт-Петербург...95,-0.0020782197083398972,0.4535715140287337,-0.9135643025677006,0.9094078631510208,0.9963627884287949,-0.1294388699427198,0.455448581576956,-1.0446970612654072,0.7858193213799675,0.7774540315930761,-0.08952053594702711,0.46246951196859887,-1.0188878151263678,0.8398467432323137,0.8473122559344827,-0.11920517973817821,0.4745938186281616,-1.0729371653479374,0.8345268058715809,0.8027306732801904,-0.09870678054138499,0.4688150527267184,-1.0408259012944372,0.8434123402116671,0.8341152503333651,Secondary Vocational
regionМосковская область...96,0.1571905432582317,0.131675977971793,-0.10742224139865877,0.4218033279151222,0.23831634591028053,0.1007469001445588,0.136274537897838,-0.17310703666616656,0.3746008369552841,0.4632557611044782,0.20360507846810874,0.13281825198317598,-0.06330319175607327,0.4705133486922908,0.13171744021160114,0.20973317232878547,0.13200119517609954,-0.05553316076856779,0.4749995054261387,0.11852138125772858,0.20139842801906024,0.1402430070396679,-0.08043044610839803,0.48322730214651854,0.15733697487693138,Secondary Vocational
"regionНовосибирская область, Бердский район (с 2003...97",-0.2598832084589938,0.220752529815311,-0.703502025909477,0.18373560899148933,0.24477841759996555,-0.312709401471585,0.23394529406532732,-0.7828400712681849,0.15742126832501485,0.18750145218465994,-0.20934117257789908,0.20797033840891124,-0.6272732147018352,0.20859086954603695,0.31907619183128494,-0.1651862509993391,0.1889130430898714,-0.5448212243634737,0.2144487223647955,0.3861641852835769,-0.09262727748617283,0.19335280189077658,-0.4811842801954331,0.2959297252230874,0.634028159933839,Secondary Vocational
O...98,0.06905211020099698,0.03779287660159325,-0.006895518757445873,0.14499973915943984,0.07377546060799454,0.04478737003900622,0.02507984260489385,-0.00561246061088734,0.09518720068889978,0.08032216165073178,0.04900212642136366,0.021204012060860686,0.0063910688560682855,0.09161318398665903,0.025083048822319612,0.08211936026500592,0.02416824300055918,0.03355145760616012,0.13068726292385172,0.0013568522590063766,0.06802948404001696,0.033315602253129226,0.0010792747420813736,0.13497969333795257,0.046556233301835406,Secondary Vocational
C...99,-0.03792189756576385,0.036998283763604235,-0.11227273243338373,0.036428937301856035,0.31041387535785586,-0.009936099896245137,0.02932104873409147,-0.068858953358935,0.048986753566444725,0.736153662585245,-0.012210118603872524,0.02582573694593018,-0.06410888005102754,0.03968864284328248,0.6384631257341875,-0.030449381107854123,0.028104055082200756,-0.08692659426396092,0.026027832048252677,0.28391069568384986,-0.03557729017004981,0.02875412444834164,-0.09336086662676962,0.022206286286670006,0.22187488610844905,Secondary Vocational
E...100,0.0056421054777339,0.022510040096457323,-0.03959351368689302,0.05087772464236082,0.8031340030284728,0.018702107527404914,0.013959041515930071,-0.009349636637067161,0.046753851691876985,0.1864960623836046,0.028021771050360852,0.013901309137993978,8.604444296973768e-5,0.055957497657751966,0.04932548951026008,0.0389168641862564,0.019919532928469923,-0.00111293592197724,0.07894666429449004,0.056457427424872926,0.0267969110050557,0.019874686608500804,-0.013142767049091633,0.06673658905920303,0.18376370759868832,Secondary Vocational
A...101,0.008556060747888705,0.0236012526751294,-0.03887243219328156,0.055984553689058976,0.7185182397762442,0.0029142708673791885,0.022138814276694428,-0.04157534208246921,0.047403883817227585,0.8958110213000061,0.01036255077092742,0.020240364289733394,-0.030311984096195756,0.051037085638050594,0.610968712052713,-0.016369093360122842,0.014884269955706339,-0.04628015368585703,0.013541966965611343,0.27681150547049604,-0.042412629528268554,0.0234178203432818,-0.08947250139766902,0.004647242341131903,0.07625359674554189,Secondary Vocational
ES...102,-0.008345669928347104,0.027453751040117443,-0.06351604818487823,0.046824708328184014,0.76242259159196335,0.0010923210838748025,0.020665665514101327,-0.04043688859205892,0.042621530759808526,0.9580609065706069,9.385735994381101e-6,0.020066363010087112,-0.040315480468322826,0.040334251940311594,0.9996287007428402,-0.009194178075465744,0.02360945702665007,-0.05663915827828865,0.03825080212735717,0.6986471501614391,-0.035814431225230536,0.028360758467531944,-0.09280750914778613,0.02117864669732506,0.21263170629139083,Secondary Vocational
(Intercept)...103,4.135159409563654,0.12964433446273452,3.8746293653932415,4.395689453734066,1.952210796576954e-34,4.442233788666229,0.08349730484037915,4.2744396724919715,4.610027904840487,5.18642380415472e-45,4.545633429464421,0.09127693738198166,4.362205556380594,4.7290613025482475,1.2471063829724914e-43,4.748536506935584,0.09001116096919828,4.567652306786629,4.929420707084539,7.788569495578601e-45,4.942342981089782,0.11724925544916422,4.7067217807673005,5.177964181412263,3.6671781036108717e-40,Secondary or below
exp_imp...104,0.07544529148491912,0.027068900374526965,0.021048299595951322,0.12984228337388692,0.007545094767015052,0.04837498600041447,0.020986311784432204,0.006201413519745964,0.09054855848108298,0.025438563444293863,0.06516274899947846,0.019317188958732818,0.02634340441706263,0.10398209358189431,0.0014585014736729646,0.06242364527331427,0.020075323423712096,0.02208077244366185,0.10276651810296669,0.003119741516180531,0.03021826504157256,0.02392763215570288,-0.01786611202166527,0.07830264210481039,0.21260104274737715,Secondary or below
I(exp_imp^2)...105,-0.004498709039957014,0.001843963187525746,-0.008204291799786654,-7.931262801273748e-4,0.018365198094721164,-0.0023784598781631076,0.001568714738086149,-0.005530910169940713,7.739904136144981e-4,0.13589813787630872,-0.003574121175093978,0.00147088326565057,-0.0065299717624531526,-6.182705877348033e-4,0.01881199265166635,-0.0035644781642679697,0.0015332866861399843,-0.006645733120154835,-4.8322320838110455e-4,0.024273276982966954,-0.0014683085907218126,0.0017690553989621405,-0.005023358513585918,0.0020867413321422924,0.410566759856862,Secondary or below
areaUrban-Type Settlement...106,0.05251201554102231,0.10208558622275409,-0.1526366506000462,0.25766068168209083,0.6092902904072255,-0.022355380597936965,0.09496745040320854,-0.2131996172615241,0.16848885606565017,0.8148790031808845,-0.05961957683829691,0.07952866552711281,-0.21943841372351663,0.10019926004692281,0.45704290268468983,-0.04188971197585678,0.09266699347401258,-0.2281110073604493,0.14433158340873575,0.6532309101616893,-0.21140580440677212,0.1389433971370566,-0.49062301465601477,0.06781140584247056,0.13455586939721534,Secondary or below
areaCity...107,0.0565200964124411,0.11754108455344768,-0.17968755645148154,0.29272774927636375,0.6327604776570642,0.06998540920877132,0.09356278293250873,-0.11803604248929651,0.25800686090683916,0.4580324155966413,0.053542327895590894,0.08111058636125847,-0.10945549792502678,0.21654015371620855,0.5122711419068418,0.17693342102398546,0.08388674155267231,0.008356702476274763,0.3455101395716962,0.0400613094742219,0.18749427883787426,0.09789180905975704,-0.009226676566397252,0.38421523424214576,0.06129736756199588,Secondary or below
areaRegional Center...108,-0.14334708718010714,0.128144062386656,-0.40086222173747543,0.11416804737726116,0.26874785160312215,-0.16913752558629458,0.12289748900117309,-0.4161092761884151,0.07783422501582596,0.1750018783777993,-0.16075674364426534,0.11385835903193026,-0.38956368249500273,0.06805019520647201,0.16429832005715805,-0.13075978733437676,0.11551013633028709,-0.36288609694114426,0.10136652227239071,0.2631355193840783,-0.08355618338841858,0.11031196224918143,-0.3052363710835091,0.1381240043066719,0.452405496131994,Secondary or below
sexMale...109,0.3215327107348228,0.05311125431883008,0.21480164924282852,0.4282637722268171,1.9326630493965547e-7,0.2246062004213649,0.03752068098061519,0.14920556904249457,0.30000683180023524,2.4578488471131265e-7,0.3106439636121725,0.04108833201993546,0.22807386904996577,0.39321405817437927,9.033182292899569e-10,0.3286780309023436,0.039769649887843164,0.24875792729843432,0.4085981345062529,7.549253792027902e-11,0.2983030119228414,0.050308201850219836,0.19720489526014023,0.3994011285855426,3.004762459545956e-7,Secondary or below
marital_status2. Married/Civil partnership...110,-0.0077951621724527635,0.06344797248460973,-0.13529863652358184,0.11970831217867631,0.9027211973513387,-0.023084793240967592,0.0508684264671295,-0.12530872342104066,0.07913913693910546,0.6519665306038249,0.021852238118329523,0.049892831712130985,-0.07841116100062535,0.1221156372372844,0.6633229803276517,0.00527668462010893,0.05216154382857079,-0.09954586218821845,0.1100992314284363,0.9198359105573205,0.0733558022277119,0.05338691369503092,-0.03392921752057812,0.18064082197600193,0.17568199760617487,Secondary or below
marital_status3. Divorced/Separated/Widowed...111,-0.029669969667927402,0.12753529831810825,-0.2859617470278881,0.22662180769203333,0.8170090114963838,-0.07952221660081613,0.11561268718450801,-0.3118546098647724,0.15281017666314017,0.4948012893114677,-0.0029557552724448193,0.09445313956322099,-0.19276644560780581,0.18685493506291617,0.9751627117082531,-0.059954249223090075,0.08050051625410605,-0.22172609326346143,0.1018175948172813,0.4599689559414273,-0.04891827598320493,0.09363091509538397,-0.2370766443886389,0.139240092422229,0.6037053282954152,Secondary or below
regionКраснодар...112,0.16045858755587472,0.2329415405316581,-0.3076549639952825,0.628572139107032,0.4941751222453462,0.27733179278349196,0.20457586592754742,-0.1337788014987787,0.6884423870657626,0.18142845470967467,0.13528001560114367,0.19047110894614788,-0.2474860083255807,0.5180460395278681,0.48092263932806056,0.02478148915765782,0.1974634923669307,-0.37203625533998474,0.4215992336553004,0.9006419451455733,0.043744763231278586,0.19262809538990217,-0.3433558872396379,0.43084541370219503,0.8212951580213649,Secondary or below
"regionУдмуртская Республика, Глазов и Глазовский...113",-0.21066557458608728,0.26168777903980733,-0.7365468552038321,0.3152157060316576,0.4246935509561265,-0.2950034067257977,0.22581612749762142,-0.7487979046894369,0.15879109123784146,0.1975197554429125,-0.343296677565393,0.2575765815940239,-0.8609161976011426,0.1743228424703565,0.1887636740532182,-0.28157262082648254,0.2898251339577424,-0.8639980331256263,0.30085279147266125,0.3360580330738916,-0.17448279612861214,0.2579227312685618,-0.6927979299786534,0.34383233772142907,0.5019089897501707,Secondary or below
"regionПермский край, Соликамск и Соликамский райо...114",-0.25931402731810704,0.1936300477102667,-0.6484281763608122,0.12980012172459815,0.18667709473573083,-0.3257715191581001,0.15248773097792964,-0.6322070872973728,-0.019335951018827402,0.03766864335991033,-0.23789269588539372,0.16423731050011922,-0.5679399280791394,0.09215453630835194,0.15385512207935964,-0.2804075849336072,0.1474650431163648,-0.5767496839224495,0.01593451405523516,0.06312238046976698,-0.2565213600937492,0.16734010751508044,-0.5928038963345994,0.07976117614710104,0.13172383030226995,Secondary or below
"regionКалужская область, Куйбышевский район...115",-0.12246448317046474,0.3154582813034268,-0.7564016336251811,0.5114726672842516,0.6995411996526951,-0.26460996212843796,0.24742836101758317,-0.7618358693928469,0.2326159451359709,0.29011118031506644,-0.014347087067583569,0.22843289310028855,-0.4734001723877142,0.44470599825254703,0.9501760385832364,-0.056671196609471924,0.19646888590874667,-0.4514902045980591,0.3381478113791152,0.7742199950736764,-0.14196257927848574,0.21387542732732898,-0.5717613418659203,0.2878361833089489,0.5099532419487793,Secondary or below
"regionТамбовская область, Уварово и Уваровский ра...116",-0.5979688537979426,0.17430042016013456,-0.9482386619729711,-0.24769904562291412,0.0012311401264171258,-0.6126193890091712,0.16568398431706072,-0.9455738210816458,-0.27966495693669674,5.498709767997448e-4,-0.4631887025480912,0.15282214401519306,-0.7702962988460216,-0.15608110625016075,0.003887868973389648,-0.5945076476115143,0.14094516401423085,-0.8777475590076318,-0.3112677362153968,1.059282647872977e-4,-0.6132332847961546,0.15177961699034956,-0.9182458446009214,-0.3082207249913877,1.8776004826387806e-4,Secondary or below
"regionВолгоградская область, Руднянский район...117",-0.42226995173398263,0.22441620347677707,-0.8732511970514707,0.028711293583505382,0.06583242831567768,-0.43909340840521305,0.22608929164361355,-0.8934368502723096,0.015250033461883472,0.057881864968952236,-0.35120499739198435,0.2511827424316825,-0.8559756165769055,0.1535656217929367,0.16834844276591085,-0.04182768390361251,0.3474701978730642,-0.7400951891897193,0.6564398213824943,0.904676156075779,-0.0981747047348775,0.3141015390612015,-0.7293853795764507,0.5330359701066956,0.7559434304913379,Secondary or below
regionКазань...118,0.374790678378365,0.17141665411671916,0.030316015033858223,0.7192653417228718,0.033589468341442705,0.33938219521947455,0.1635678512901154,0.010680291676420706,0.6680840987625284,0.04327131053243733,0.2935178090667961,0.16476171193539046,-0.037583247265585706,0.6246188653991779,0.08103424040865286,0.2960358200702802,0.17245244025379738,-0.05052033344626072,0.6425919735868211,0.09236418809151174,0.18805197434872162,0.16700029527612006,-0.14754768363144039,0.5236516323288836,0.2656260748481958,Secondary or below
regionКурган...119,0.022718196129421827,0.1918582374662101,-0.36283536692193535,0.408271759180779,0.906225816152521,0.05664321276369505,0.18825926632040305,-0.32167794699390556,0.43496437252129566,0.764779985073469,0.0514606175187161,0.19421904552874036,-0.3388371669547169,0.4417584019921491,0.7921503890020931,0.08510973043033379,0.22004228306423707,-0.35708179273693974,0.5273012535976073,0.700587825823985,0.10692415537055464,0.22045089757030262,-0.33608850938963997,0.5499368201307493,0.629820172860677,Secondary or below
"regionОренбургская область, Орск...120",-0.13230324767722348,0.24302349197791892,-0.6206772391967258,0.35607074384227877,0.5886317119729827,-0.04017807042311332,0.2400061527952468,-0.522488491839098,0.4421323509928713,0.8677408992369855,-0.21753824527193255,0.24277553602747995,-0.70541395065353385,0.27033746010966875,0.3746088290298364,-0.23480819859682805,0.23248466645716304,-0.7020036273213937,0.23238723012773754,0.31745958608905706,-0.4197478554103518,0.24909622683648208,-0.9203254645232741,0.08082975370257056,0.09833206335204743,Secondary or below
"regionРеспублика Чувашия, Шумерля и Шумерлинский...121",-0.5326644612508916,0.19269358122134608,-0.9198967104270606,-0.14543221207472268,0.008016153671535183,-0.45252677205605113,0.16744839466802183,-0.7890269194779516,-0.11602662463415064,0.009430037291512356,-0.39208675902303447,0.12514103438677504,-0.6435670828754363,-0.1406064351706327,0.002917727444098959,-0.4086598368999663,0.1256923153422784,-0.6612480013092485,-0.15607167249068404,0.002081424462377385,-0.39114966294860226,0.15198221862962674,-0.6965693659906624,-0.08572995990654214,0.013139261645207801,Secondary or below
"regionСтавропольский край, Георгиевск и Георгиев...122",-0.49281539529991736,0.16548359541058122,-0.8253671307881353,-0.16026365981169943,0.004500805516944297,-0.5231179193814729,0.16690229667818524,-0.8585206418059517,-0.18771519695699407,0.002908509185748638,-0.4214273596945913,0.13989890507188782,-0.7025647350285512,-0.14028998436063134,0.004093209065107598,-0.5348185807671717,0.13515393395649705,-0.8064205796467488,-0.26321658188759456,2.446047194676088e-4,-0.384054940880015,0.12806281180078546,-0.6414067962720156,-0.1267030854880144,0.004248129779912887,Secondary or below
"regionАлтайский край, Курьинский район...123",-0.45003688263086294,0.23694531104526986,-0.9261963122613226,0.026122546999596707,0.0634162931549597,-0.5971536330188434,0.2086370803927507,-1.0164255433230576,-0.17788172271462915,0.006172719403703531,-0.48008734176060225,0.21828888156453014,-0.9187552726933195,-0.041419410827885084,0.03260414055211958,-0.3567789498433734,0.1748363617613069,-0.7081257729886652,-0.005432126698081519,0.04669301560090646,-0.38777047559069827,0.19402472282616443,-0.7776777539730226,0.002136802791626091,0.0512198495292921,Secondary or below
regionКрасноярск...124,0.04376754399332297,0.20150875414011818,-0.3611794583914226,0.4487145463780686,0.8289549604212035,-0.01759937807033019,0.18889489670099902,-0.39719788490074354,0.36199912876008317,0.9261482512848839,0.09062499297867699,0.17438766404493336,-0.25982013834683415,0.4410701243041881,0.6056295712856168,0.11210882837235302,0.16950367614920928,-0.22852156181947203,0.4527392185641781,0.5114574577168072,-0.03570285103272265,0.18947183613203689,-0.4164607610570731,0.3450550589916278,0.8513150516186463,Secondary or below
"regionТверская область, Ржев и Ржевский район...125",-0.32949958903974524,0.21790695266477267,-0.7674000051131658,0.10840082703367532,0.13692876081369929,-0.42409918252285356,0.22017419877720099,-0.8665558002402876,0.018357435194580496,0.05989107951651196,-0.2861091817535396,0.1941735010496934,-0.6763154411696919,0.10409707766261267,0.14701935465752905,-0.367471460947982,0.19849225167752704,-0.7663565746811651,0.03141365278520114,0.07015586554485123,-0.2771500788552614,0.1986994406628131,-0.6764515544426812,0.12215139673215852,0.16936110077762279,Secondary or below
regionСаратов...126,-0.1558093920651591,0.1948526531990811,-0.547380458822964,0.2357616746926458,0.4277865808013689,-0.004268757398012172,0.17164854249455938,-0.34920941788440474,0.34067190308838036,0.9802603202583116,-0.050720570861214544,0.14239245614580448,-0.33686892468583446,0.23542778296340536,0.7232179682412709,-0.0845963016927292,0.16993628773430286,-0.42609605741325357,0.2569034540277952,0.6208435121532423,-0.05470586756292379,0.17499921891688605,-0.4063799644152568,0.29696822928940925,0.7559063246452394,Secondary or below
regionТомск...127,0.10194639935508815,0.23819501235655052,-0.37672439908432903,0.5806171977945054,0.6705297230324176,0.0995500354547244,0.20738271899657104,-0.3172011412493163,0.5163012121587651,0.6333416835283694,0.09310832381142209,0.21383561069177662,-0.3366104242511807,0.5228270718740249,0.6651695628554339,0.16622653912602223,0.24355770475430852,-0.32322099316027064,0.6556740714123152,0.4981409346094773,0.27311575207557687,0.23668347284145327,-0.20251749398435853,0.7487489981355122,0.2541268969544094,Secondary or below
regionЛипецк...128,-0.031412958973539615,0.22373896106094204,-0.481033234702632,0.4182073167555527,0.8889194938504663,-0.12773692095829586,0.17879191192966146,-0.48703271977113544,0.2315588778545437,0.47834219619459983,-0.2088975763769047,0.18397751700697249,-0.5786142387426402,0.16081908598883077,0.26170962042243245,-0.2319963482497609,0.1848069828813881,-0.6033798846967657,0.13938718819724394,0.21530766684072217,-0.397934483435745,0.1925669536531318,-0.7849122649864927,-0.01095670188499731,0.044089995426526765,Secondary or below
"regionКрасноярский край, Назарово и Назаровский р...129",-0.37430158985920825,0.21256053376853576,-0.8014579749114312,0.05285479519301478,0.08449201442261997,-0.2003946479464116,0.16973588627555072,-0.5414916818579432,0.1407023859651199,0.24345060155702125,-0.3126784213140063,0.16125745276692494,-0.6367374051969567,0.011380562568944042,0.058271196013887014,-0.3134557077494622,0.18043168865513665,-0.6760467612642376,0.0491353457653132,0.08862501722375897,-0.3709348377772289,0.16998992183181272,-0.7125423752519748,-0.029327300302482928,0.03392644988622801,Secondary or below
regionРеспублика Кабардино-Балкария: Залукокоаже...130,-0.6229881343192032,0.13953213771761497,-0.903388463060229,-0.34258780557817736,4.711662394593715e-5,-0.707706182453501,0.13605856048783768,-0.9811260964093105,-0.43428626849769164,3.862700049380084e-6,-0.6390199549472344,0.11901328714016379,-0.8781861096734593,-0.39985380022100947,2.155635571279076e-6,-0.691095443010128,0.11628997234712812,-0.9247888917653608,-0.4574019942548953,2.8659253561071034e-7,-0.6342529499567731,0.13458906206548155,-0.904719796272015,-0.363786103641531,2.0576224195397105e-5,Secondary or below
"regionАлтайский край, Бийск и Бийский район...131",-0.3314850517768133,0.2310347860346569,-0.7957668367075121,0.13279673315388552,0.1577007732331959,-0.462288035614344,0.20476837908965612,-0.8737854995800097,-0.050790571648678284,0.02845993770837784,-0.44305448330951647,0.19812499433363354,-0.8412015657787574,-0.04490740084027556,0.02992204661901215,-0.5424543817402134,0.19758699443719055,-0.9395203129399844,-0.14538845054044247,0.008426436045783818,-0.50459585351275,0.20095881300410118,-0.9084377078086772,-0.10075399921682288,0.015389178090566214,Secondary or below
"regionКоми Республика, Усинск и Усинский район (1994...132",0.24226613295273977,0.22529529090543388,-0.21048170469264857,0.6950139705981281,0.2874947996125845,0.12163329041052631,0.18933018356785986,-0.2588399581285782,0.5021065389496308,0.5235821876021627,0.1736825303639233,0.16357752371911116,-0.15503881065292333,0.5024038713807699,0.29354311581819154,0.144013925332298,0.16657954549462184,-0.19074020430593763,0.47876805497053365,0.391506517417923,0.07316313153057302,0.16783445610008127,-0.26411283538520475,0.4104390984463508,0.6648061353660106,Secondary or below
regionВладивосток...133,0.18684430135829533,0.42623052225788904,-0.6696980014798217,1.0433866041964124,0.6630487661145317,0.3132992786069953,0.1813833709528809,-0.05120425208694118,0.6778028093009318,0.09041731644957415,0.31219464116579965,0.16891378641170648,-0.027250321216903184,0.6516396035485025,0.07060600311216671,0.25165863126337895,0.17530428202106793,-0.10062851284887975,0.6039457753756377,0.15748267980821998,0.07919040775913389,0.1717055908511605,-0.26586489569200317,0.42424571121027094,0.6466967444793295,Secondary or below
"regionАмурская область, Тамбовский район...134",-0.7398327678192348,0.3633504189794735,-1.4700127722009189,-0.009652763437550727,0.047160312359011976,-0.6132053934486242,0.29646416920575824,-1.2089724465806089,-0.0174383403166396,0.04390134880655499,-0.30367652579624094,0.23696322230643782,-0.7798719494536095,0.17251889786112756,0.2060373348302754,-0.22365176085482336,0.1679450179546598,-0.5611499101357332,0.11384638842608652,0.1891218708544844,-0.05480012212822196,0.18233722352326864,-0.4212204913274817,0.3116202470710378,0.7650347300764202,Secondary or below
"regionСаратовская область, Вольск и Вольский райо...135",-0.8261311059410613,0.5354070618337101,-1.902071879186209,0.24980966730408627,0.12926591569081838,-0.7625972025302171,0.4371346380278886,-1.6410521464025156,0.11585774134208149,0.08733562636133799,-0.3763667389010873,0.3222621686376422,-1.02397681285886,0.2712433350566855,0.24850255992411757,-0.3941224800676007,0.24354508994103186,-0.8835446619375118,0.0952997018023104,0.11202363093805466,-0.6462817684024499,0.3067073471656664,-1.262633258312174,-0.02993027849272578,0.040245481556494433,Secondary or below
"regionКоми Республика, Сыктывкар...136",-0.03340618215986625,0.1947615512500261,-0.424794172696796,0.3579818083770635,0.8645185586364084,-0.08239113236568697,0.18750523643827496,-0.45919701234410754,0.2944147476127336,0.6622983998200638,0.10230334816261814,0.1958133817568248,-0.2911983749144314,0.4958050712396677,0.6037089814684833,0.10417705120225941,0.2063184492148954,-0.310435395302901,0.5187894977074198,0.6158692043902071,0.08715930287951065,0.20801274608006592,-0.3308579606502422,0.50517656640926345,0.6770403901588457,Secondary or below
regionЧелябинск...137,-0.20647520221458918,0.23401775050810078,-0.676751478684357,0.26380107425517874,0.38191946700213375,-0.11488615723337503,0.2332698708863319,-0.5836595133348825,0.3538871988681325,0.62456330537668,-0.05334978731789854,0.21819270236288243,-0.4918244389086576,0.3851248642728606,0.8078586686103895,-0.07476980825845411,0.20235588207456193,-0.4814191779629383,0.33187956144603015,0.7133496928469758,-0.015445655170457366,0.19659494862142107,-0.4105179956647603,0.3796266853238456,0.9376978964723944,Secondary or below
"regionЧелябинская область, Красноармейский район...138",-0.31964235023278587,0.1537803736919617,-0.6286755811606329,-0.010609119304938797,0.042915493696606744,-0.3739485389831327,0.15620650703024883,-0.6878572673895752,-0.06003981057669017,0.020541014464763505,-0.33258218151506413,0.14944146731381938,-0.6328960536291742,-0.03226830940095404,0.030681144963137577,-0.17064381417635982,0.17129087934879272,-0.514865723661786,0.17357809530906632,0.3240364554547811,-0.0725600488439167,0.14741108507122058,-0.3687937150813933,0.2236736173935599,0.6247555246575878,Secondary or below
regionНижний Новгород...139,-0.16581765985904282,0.19898739354663653,-0.5656977984312542,0.23406247871316863,0.40871505387022466,-0.16152419845032034,0.19063478737330364,-0.5446191464911092,0.22157074959046852,0.4009494664802429,-0.09244403347238242,0.18940484409512867,-0.4730673179582773,0.2881792510135125,0.627672733339568,-0.164010929726402,0.1887733935990216,-0.5433652669318471,0.2153434074790431,0.38917895945795655,-0.34389203459150514,0.19736200452560923,-0.7405058316363584,0.05272176245334809,0.08770466020110457,Secondary or below
"regionПензенская область, Земетчинский район...140",-0.7793839193082418,0.21018401890896074,-1.2017645189479933,-0.3570033196684904,5.322596415592516e-4,-0.8110955247160258,0.20136230372901479,-1.2157482239811506,-0.4064428254509009,1.9524334201154325e-4,-0.8443343948400437,0.19619204379559138,-1.2385970677734395,-0.45007172190664796,8.013317631395e-5,-0.6452245152931471,0.28265685546826025,-1.2132447326469813,-0.07720429793931272,0.02682452193431197,-0.7167676529102704,0.27094469961163914,-1.2612514118812408,-0.1722838939393001,0.010934525517851875,Secondary or below
"regionКраснодарский край, Кущевский район...141",-0.35973151902932043,0.14744928993817175,-0.6560419608213599,-0.06342107723728091,0.01836516071677568,-0.39986424402308024,0.15058657649006832,-0.7024792991815897,-0.09724918886457079,0.01065751973767201,-0.32404872362789705,0.16277684134347956,-0.6511610331698686,0.003063585914074518,0.052100147197895956,-0.12533149097886062,0.2012095764456265,-0.5296772732772544,0.27901429131953315,0.536245041263256,-0.07527093982633921,0.1791786473026399,-0.4353439124680382,0.2848020328153598,0.6762570440954399,Secondary or below
regionСмоленск...142,0.07734695901820396,0.2162489389874677,-0.3572215538264829,0.5119154718628909,0.7221222377991665,0.06853169144017789,0.2014169597569326,-0.33623084322521046,0.47329422610556626,0.7351242362977974,0.09064936159961995,0.18414660537167382,-0.279407096556706,0.4607058197559459,0.6247287931052785,0.026796853511459932,0.1604964321899024,-0.2957328022649601,0.34932650928788,0.8680868301899392,0.0353506094042846,0.17092049675721566,-0.3081269883968445,0.37882820720541366,0.8370037061685421,Secondary or below
regionТула...143,0.2182167003416174,0.19272461442373395,-0.16907791238959907,0.6055113130728338,0.2630305977523972,0.2107320445764077,0.16174346855475058,-0.11430362459861093,0.5357677137514263,0.1987061345119893,0.18130536243616907,0.16264965733563,-0.14555136127306917,0.5081620861454073,0.2704171503078461,0.17154828563403057,0.1677103197893972,-0.16547822002576795,0.5085747912938291,0.31138609202695705,0.10358708369849956,0.18298868364204277,-0.2641424436234259,0.47131661102042505,0.5739198009338407,Secondary or below
"regionРостовская область, Батайск...144",-0.24898762011518025,0.24033830890171945,-0.7319655342175936,0.23399029398723306,0.3052935022665945,-0.24247721674884368,0.1558004786439292,-0.5555700005645667,0.07061556706687941,0.12606517848934726,-0.2188431995450684,0.1463106785207339,-0.5128655160279122,0.07517911693777538,0.14113397861890328,-0.31724925699744544,0.1439268028751604,-0.6064809960145492,-0.028017517980341633,0.03223489538491856,-0.32733738419049996,0.13309244157084546,-0.5947966590203412,-0.05987810936065874,0.01749085076452961,Secondary or below
regionМосква...145,0.4243450824904063,0.15328484480305274,0.1163076541469929,0.7323825108338198,0.00793104133116267,0.4016739194037313,0.14128574485275236,0.11774958518828021,0.6855982536191825,0.006499623122605883,0.49718084689164743,0.1317308304373674,0.23245783207824317,0.7619038617050518,4.339226056822459e-4,0.5554157881192567,0.13413737032730877,0.28585665033586255,0.8249749259026509,1.360613756067023e-4,0.5427307636312897,0.1370045530598555,0.2674098064282451,0.8180517208343343,2.412969029037599e-4,Secondary or below
regionСанкт-Петербург...146,0.33803803057267795,0.16552626526631978,0.005400546798995931,0.67067551434636,0.04653242969327527,0.40764081838614014,0.1707401059263918,0.06452572953163982,0.7507559072406405,0.02086536809955574,0.4058852128431356,0.15065187970729982,0.10313892595637286,0.7086314997298984,0.009636218489103772,0.34439245488238057,0.14838373179562683,0.0462041818730623,0.6425807278916988,0.024493120601232373,0.1701320382189386,0.16664723978497767,-0.16475812818889116,0.5050222046267684,0.312310688018863,Secondary or below
regionМосковская область...147,0.25960711993554453,0.15805758760952632,-0.0580214941649449,0.5772357340360339,0.10689274284997874,0.2249037784506757,0.1232888602004003,-0.022854462021937416,0.4726620189232888,0.0742224327905214,0.24073285593094151,0.11163454565959015,0.01639483736525571,0.4650708744966273,0.035984440386740375,0.2365771121279308,0.11154167716803971,0.012425719783174305,0.4607285044726873,0.03900854427409011,0.3289422224770272,0.11662241002167643,0.09458071520313335,0.563303729750921,0.00690208719604354,Secondary or below
"regionНовосибирская область, Бердский район (с 2003...148",-0.1852004847247275,0.18229055950577322,-0.5515270790699636,0.1811261096205085,0.314637375053681,-0.17070180846935046,0.17702863583626877,-0.5264541713086861,0.1850505543699852,0.33965001477113643,-0.14334258009200024,0.21497193593940056,-0.5753448592335528,0.28865969904955235,0.5080297981299192,-0.06046805486777,0.20506511332694574,-0.47256182860870144,0.3516257188731614,0.7693370697568347,-0.18514835665642598,0.20100517832336004,-0.5890833855497973,0.21878667223694537,0.36150473694353025,Secondary or below
O...149,-0.004803432896704675,0.029871168085891943,-0.06483179258623835,0.055224926792829004,0.8729081424737859,-0.002911087284143505,0.025358618130516562,-0.05387113832704617,0.04804896375875915,0.9090753417894494,0.011857161120434724,0.02245483275366143,-0.03326751473520186,0.05698183697607131,0.5998514913171796,0.015218607867660341,0.022294097110395615,-0.029583057619545224,0.060020273354865906,0.4980557039167889,-0.003109784713295626,0.028027376491397867,-0.05943290647210697,0.053213337045515716,0.9121050662989084,Secondary or below
C...150,0.002597990687492213,0.026418026252540708,-0.050491020683443764,0.055687002058428185,0.9220622506375741,0.04038273206683281,0.024643157393306286,-0.009139546795433849,0.08990501092909947,0.10768193283710349,0.014789719109410765,0.020872951396162416,-0.027156047142119416,0.056735485360940946,0.48195559603674076,0.0062736470554028735,0.018455032791241104,-0.03081312984228336,0.0433604239530891,0.7353528894164733,-0.0019085186317260002,0.024976892126386343,-0.05210146254936028,0.048284425285908275,0.9394029648714253,Secondary or below
E...151,-0.0250058924028209,0.03500662909188328,-0.09535434736123759,0.04534256255559578,0.47841930282823786,-0.0016415965708305356,0.027444504460527663,-0.05679339312998989,0.053510199988328816,0.9525461687806379,0.00916660307180343,0.02544173513181755,-0.041960477838698135,0.06029368398230499,0.720172876743292,0.03255924080628454,0.02499456748111997,-0.017669223066529904,0.08278770467909899,0.19878256014907011,0.0395438545587612,0.027825466386170134,-0.016373513652458337,0.09546122276998073,0.16160954223686236,Secondary or below
A...152,0.025749852188216564,0.03190663755587118,-0.03836893654411996,0.08986864092055308,0.4235450315720043,0.01808199316689278,0.030003711552975914,-0.042212722591936105,0.07837670892572166,0.549514987544108,0.010329702795963278,0.02715745808850157,-0.04424525248206465,0.0649046580739912,0.7053195930218321,0.03244163572218081,0.026248524168719513,-0.020306748458466285,0.0851900199028279,0.22237271693355276,0.019796112151132052,0.027014047330275404,-0.03449064841842664,0.07408287272069075,0.46716674398928404,Secondary or below
ES...153,0.06392410166670395,0.026072764833374402,0.011528919094060688,0.11631928423934722,0.017827390788974166,0.02971621217009841,0.028654717211505403,-0.027867597965083864,0.08730002230528068,0.3048059577981695,0.029387272492386284,0.023178877995908828,-0.01719242675263192,0.07596697173740449,0.21084414866994253,-2.525439829599731e-4,0.01998268904566043,-0.040409261060372896,0.039904173094452954,0.9899678105367659,0.007025124445558417,0.0251480005465683,-0.04351167471613782,0.05756192360725466,0.7811510693519012,Secondary or below
